{
  "modelVersion": "v1",
  "algorithm": "LogisticRegression",
  "cvRocAuc": {
    "LogisticRegression": 0.827286490337519,
    "GradientBoosting": 0.812519801272139
  },
  "trainedAt": "2026-07-13T18:28:31.690336+00:00",
  "threshold": 0.58,
  "roc_auc": 0.8031699543457662,
  "pr_auc": 0.5612212444049638,
  "precision": 0.4307692307692308,
  "recall": 0.5957446808510638,
  "f1": 0.5,
  "accuracy": 0.8095238095238095,
  "confusion": [
    [
      210,
      37
    ],
    [
      19,
      28
    ]
  ]
}